{
	"easycom": {
		"^u-(.*)": "uview-ui/components/u-$1/u-$1.vue"
	},
	"pages": [ //pages数组中第一项表示应用启动页，参考：https://uniapp.dcloud.io/collocation/pages
		{
			"path": "pages/login/login",
			"style": {
				"navigationBarTitleText": "登录"
				// "navigationStyle": "custom",
				// "app-plus": {  
				// 	"titleNView": false  
				// }
			}
		},
		{
			"path": "pages/index/index",
			"style": {
				"navigationStyle": "custom",
				"app-plus": {
					"titleNView": false
				}
			}
		}, {
			"path": "pages/ksfg/ksfg",
			"style": {
				"navigationStyle": "custom",
				"app-plus": {
					"titleNView": false
				}
				// "navigationBarTitleText": "编辑",
				// "autoBackButton":false,
				// "app-plus": {
				// 	"bounce": "none",
				// 	"autoBackButton":false,
				// 	"titleNView": {
				// 		"buttons": [ 
				// 			{
				// 				"text": "发表", 
				// 				"fontSize":"16",
				// 				"float": "right",
				// 				"color":"#000"
				// 			}
				// 		]
				// 	}
				// }
			}
		}, {
			"path": "pages/fstj/fstj",
			"style": {
				"navigationStyle": "custom",
				"app-plus": {
					"titleNView": false
				}
			}
		}, {
			"path": "pages/fssp/fssp",
			"style": {
				"navigationStyle": "custom",
				"app-plus": {
					"titleNView": false
				}
			}
		}, {
			"path": "pages/nrzx/nrzx",
			"style": {
				"navigationStyle": "custom",
				"app-plus": {
					"titleNView": false
				}
			}
		}, {
			"path": "pages/nrdetail/nrdetail",
			"style": {
				"navigationBarTitleText": "详情"
				// "navigationStyle": "custom",
				// "app-plus": {  
				// 	"titleNView": false  
				// }
			}
		}, {
			"path": "pages/nredit/nredit",
			"style": {
				"navigationStyle": "custom",
				"app-plus": {
					"titleNView": false
				}
			}
		}, {
			"path": "pages/bt/bt",
			"style": {
				"navigationStyle": "custom",
				"app-plus": {
					"titleNView": false
				}
			}

		}, {
			"path": "pages/addbt/addbt",
			"style": {
				"navigationStyle": "custom",
				"app-plus": {
					"titleNView": false
				}
			}

		}, {
			"path": "pages/btedit/btedit",
			"style": {
				"navigationStyle": "custom",
				"app-plus": {
					"titleNView": false
				}
			}

		}
		, {
			"path": "pages/addxt/addxt",
			"style": {
				"navigationStyle": "custom",
				"app-plus": {
					"titleNView": false
				}
			}

		}, {
			"path": "pages/xt/xt",
			"style": {
				"navigationStyle": "custom",
				"app-plus": {
					"titleNView": false
				}
			}

		}, {
			"path": "pages/xtbj/xtbj",
			"style": {
				"navigationStyle": "custom",
				"app-plus": {
					"titleNView": false
				}
			}

		}

		, {
			"path": "pages/addrw/addrw",
			"style": {
				"navigationStyle": "custom",
				"app-plus": {
					"titleNView": false
				}
			}

		}, 
		{
			"path": "pages/rwbj/rwbj",
			"style": {
				"navigationStyle": "custom",
				"app-plus": {
					"titleNView": false
				}
			}
		
		},
		{
			"path": "pages/rwDetail/rwDetail",
			"style": {
				"navigationStyle": "custom",
				"app-plus": {
					"titleNView": false
				}
			}
		
		},
		{
			"path": "pages/xt/xt",
			"style": {
				"navigationStyle": "custom",
				"app-plus": {
					"titleNView": false
				}
			}

		}, {
			"path": "pages/rw/rw",
			"style": {
				"navigationStyle": "custom",
				"app-plus": {
					"titleNView": false
				}
			}

		}, {
			"path": "pages/dsgj/dsgj",
			"style": {
				"navigationStyle": "custom",
				"app-plus": {
					"titleNView": false
				}
			}

		}, {
			"path": "pages/zb/zb",
			"style": {
				"navigationStyle": "custom",
				"app-plus": {
					"titleNView": false
				}
			}

		},
		{
			"path": "pages/bdDetail/bdDetail",
			"style": {
				"navigationBarTitleText": "详情"
				// "app-plus": {
				// 	"titleNView": false
				// }
			}
		
		},
		{
			"path": "pages/xtdetail/xtdetail",
			"style": {
				"navigationBarTitleText": "详情"
				// "app-plus": {
				// 	"titleNView": false
				// }
			}
		
		},
		{
			"path": "pages/xtedit/xtedit",
			"style": {
				"navigationBarTitleText": "详情"
				// "app-plus": {
				// 	"titleNView": false
				// }
			}
		
		}
	],
	"globalStyle": {
		"navigationBarTextStyle": "black",
		// "navigationBarTitleText": "uni-app",
		"navigationBarBackgroundColor": "#F8F8F8",
		"backgroundColor": "#F8F8F8"
	}
}
