{
	"easycom": {
		"^u-(.*)": "@/uview-ui/components/u-$1/u-$1.vue"
	},
	// "condition": { //模式配置，仅开发期间生效
	// 	"current": 0, //当前激活的模式(list 的索引项)
	// 	"list": [{
	// 		"name": "test", //模式名称
	// 		"path": "pages/componentsC/test/index", //启动页面，必选
	// 		"query": "id=1&name=2" //启动参数，在页面的onLoad函数里面得到
	// 	}]
	// },
	"pages": [
		{
			"path": "pages/loginTo/loginTo",
			"style": {
				// "navigationStyle": "custom",
				"navigationBarTitleText": "养教有方"
				// "enablePullDownRefresh": true
				// "navigationBarTextStyle": "white" // 状态栏字体为白色
			}
		},
		{
			"path": "pages/index/index",
			"style": {
				"navigationStyle": "custom",
				"enablePullDownRefresh": true
				// "navigationBarTextStyle": "white" // 状态栏字体为白色
			}
		}, {
			"path": "pages/chooseStatus/chooseStatus",
			"style": {
				"navigationBarTitleText": "孩子学段"
			}
		}, {
			"path": "pages/person/person",
			"style": {
				"navigationStyle": "custom",
				"enablePullDownRefresh": true,
				"navigationBarTextStyle": "white" // 状态栏字体为白色
			}
		}, {
			"path": "pages/expertSay/expertSay",
			"style": {
				"navigationStyle": "custom",
				"enablePullDownRefresh": true
			}
		}, {
			"path": "pages/exchangeSite/exchangeSite",
			"style": {
				"navigationStyle": "custom",
				"enablePullDownRefresh": true
			}
		},
		{
			"path": "pages/userInfo/userInfo",
			"style": {
				"navigationBarTitleText": "完善资料"
			}
		}, {
			"path": "pages/myFocus/myFocus",
			"style": {
				"navigationBarTitleText": "我的关注"
			}
		}, {
			"path": "pages/search/search",
			"style": {
				"navigationBarTitleText": "搜索"
			}
		}, {
			"path": "pages/doctorDetail/doctorDetail",
			"style": {
				"navigationStyle": "custom",
				"navigationBarTextStyle": "white"
			}
		}, {
			"path": "pages/publicTalk/publicTalk",
			"style": {
				"navigationBarTitleText": "发布"
			}
		}, {
			"path": "pages/talkDetail/talkDetail",
			"style": {
				"navigationBarTitleText": "话题详情",
				"enablePullDownRefresh": true
			}
		}, {
			"path": "pages/exemption/exemption",
			"style": {
				"navigationBarTitleText": "免责声明"
			}
		}, {
			"path": "pages/postDetail/postDetail",
			"style": {
				"navigationBarTitleText": "帖子"
			}
		}, {
			"path": "pages/feedBack/feedBack",
			"style": {
				"navigationBarTitleText": "投诉建议"
			}
		}, {
			"path": "pages/recordGrow/recordGrow",
			"style": {
				"navigationBarTitleText": "记录成长",
				"enablePullDownRefresh": true
			}
		}, {
			"path": "pages/doctorList/doctorList",
			"style": {}
		}, {
			"path": "pages/hospitalDetail/hospitalDetail",
			"style": {
				"navigationStyle": "custom"
			}
		}, {
			"path": "pages/askDoctor/askDoctor",
			"style": {
				"navigationBarTitleText": "答疑解惑"
			}
		}, {
			"path": "pages/huaDetail/huaDetail",
			"style": {
				"navigationStyle": "custom"
			}
		}, {
			"path": "pages/audioDetail/audioDetail",
			"style": {
				"navigationBarTitleText": "详情111",
				"enablePullDownRefresh": true
			}
		}, {
			"path": "pages/growList/growList",
			"style": {
				"navigationBarTitleText": "成长轨迹"
			}
		}, {
			"path": "pages/categoryList/categoryList",
			"style": {}
		}, {
			"path": "pages/videoDetail/videoDetail",
			"style": {
				"navigationBarTitleText": "详情",
				"enablePullDownRefresh": true
			}
		}, {
			"path": "pages/myCollection/myCollection",
			"style": {
				"navigationBarTitleText": "我的收藏",
				"enablePullDownRefresh": true
			}
		}, {
			"path": "pages/myAppointment/myAppointment",
			"style": {
				"navigationBarTitleText": "我的预约",
				"enablePullDownRefresh": true
			}
		}, {
			"path": "pages/articleDetail/articleDetail",
			"style": {
				"navigationBarTitleText": "详情",
				"enablePullDownRefresh": true
			}
		}, {
			"path": "pages/momParenting/momParenting",
			"style": {
				"navigationBarTitleText": "优妈育儿堂",
				"enablePullDownRefresh": true
			}
		}, {
			"path": "pages/momDetail/momDetail",
			"style": {}
		}, {
			"path": "pages/ce/ce",
			"style": {}
		}, {
			"path": "pages/deal/deal",
			"style": {}
		}
	],
	"globalStyle": {
		"navigationBarTextStyle": "black",
		"navigationBarTitleText": "首页",
		"navigationBarBackgroundColor": "#FFFFFF",
		"backgroundColor": "#FFFFFF"
	},
	"tabBar": {
		"color": "#606161",
		"selectedColor": "#11B5FF",
		"backgroundColor": "#FFFFFF",
		"borderStyle": "black",
		"list": [{
				"pagePath": "pages/index/index",
				"iconPath": "static/tabbar/anniu1.1.png",
				"selectedIconPath": "static/tabbar/anniu1.png",
				"text": "首页"
			},
			{
				"pagePath": "pages/expertSay/expertSay",
				"iconPath": "static/tabbar/anniu3.1.png",
				"selectedIconPath": "static/tabbar/anniu3.png",
				"text": "养教有方"
			},
			{
				"pagePath": "pages/exchangeSite/exchangeSite",
				"iconPath": "static/tabbar/anniu2.1.png",
				"selectedIconPath": "static/tabbar/anniu2.png",
				"text": "家长圈"
			},
			{
				"pagePath": "pages/person/person",
				"iconPath": "static/tabbar/anniu4.1.png",
				"selectedIconPath": "static/tabbar/anniu4.png",
				"text": "个人中心"
			}
		]
	}
}
